Date,Year,Month,Day,Day of Week,Quarter,Week of Year,Is Weekend
2020-01-01,2020,1,1,Wednesday,1,1,False
2020-01-02,2020,1,2,Thursday,1,1,False
2020-01-03,2020,1,3,Friday,1,1,False
2020-01-04,2020,1,4,Saturday,1,1,True
2020-01-05,2020,1,5,Sunday,1,1,True
2020-01-06,2020,1,6,Monday,1,2,False
2020-01-07,2020,1,7,Tuesday,1,2,False
2020-01-08,2020,1,8,Wednesday,1,2,False
2020-01-09,2020,1,9,Thursday,1,2,False
2020-01-10,2020,1,10,Friday,1,2,False
2020-01-11,2020,1,11,Saturday,1,2,True
2020-01-12,2020,1,12,Sunday,1,2,True
2020-01-13,2020,1,13,Monday,1,3,False
2020-01-14,2020,1,14,Tuesday,1,3,False
2020-01-15,2020,1,15,Wednesday,1,3,False
2020-01-16,2020,1,16,Thursday,1,3,False
2020-01-17,2020,1,17,Friday,1,3,False
2020-01-18,2020,1,18,Saturday,1,3,True
2020-01-19,2020,1,19,Sunday,1,3,True
2020-01-20,2020,1,20,Monday,1,4,False
2020-01-21,2020,1,21,Tuesday,1,4,False
2020-01-22,2020,1,22,Wednesday,1,4,False
2020-01-23,2020,1,23,Thursday,1,4,False
2020-01-24,2020,1,24,Friday,1,4,False
2020-01-25,2020,1,25,Saturday,1,4,True
2020-01-26,2020,1,26,Sunday,1,4,True
2020-01-27,2020,1,27,Monday,1,5,False
2020-01-28,2020,1,28,Tuesday,1,5,False
2020-01-29,2020,1,29,Wednesday,1,5,False
2020-01-30,2020,1,30,Thursday,1,5,False
2020-01-31,2020,1,31,Friday,1,5,False
2020-02-01,2020,2,1,Saturday,1,5,True
2020-02-02,2020,2,2,Sunday,1,5,True
2020-02-03,2020,2,3,Monday,1,6,False
2020-02-04,2020,2,4,Tuesday,1,6,False
2020-02-05,2020,2,5,Wednesday,1,6,False
2020-02-06,2020,2,6,Thursday,1,6,False
2020-02-07,2020,2,7,Friday,1,6,False
2020-02-08,2020,2,8,Saturday,1,6,True
2020-02-09,2020,2,9,Sunday,1,6,True
2020-02-10,2020,2,10,Monday,1,7,False
2020-02-11,2020,2,11,Tuesday,1,7,False
2020-02-12,2020,2,12,Wednesday,1,7,False
2020-02-13,2020,2,13,Thursday,1,7,False
2020-02-14,2020,2,14,Friday,1,7,False
2020-02-15,2020,2,15,Saturday,1,7,True
2020-02-16,2020,2,16,Sunday,1,7,True
2020-02-17,2020,2,17,Monday,1,8,False
2020-02-18,2020,2,18,Tuesday,1,8,False
2020-02-19,2020,2,19,Wednesday,1,8,False
2020-02-20,2020,2,20,Thursday,1,8,False
2020-02-21,2020,2,21,Friday,1,8,False
2020-02-22,2020,2,22,Saturday,1,8,True
2020-02-23,2020,2,23,Sunday,1,8,True
2020-02-24,2020,2,24,Monday,1,9,False
2020-02-25,2020,2,25,Tuesday,1,9,False
2020-02-26,2020,2,26,Wednesday,1,9,False
2020-02-27,2020,2,27,Thursday,1,9,False
2020-02-28,2020,2,28,Friday,1,9,False
2020-02-29,2020,2,29,Saturday,1,9,True
2020-03-01,2020,3,1,Sunday,1,9,True
2020-03-02,2020,3,2,Monday,1,10,False
2020-03-03,2020,3,3,Tuesday,1,10,False
2020-03-04,2020,3,4,Wednesday,1,10,False
2020-03-05,2020,3,5,Thursday,1,10,False
2020-03-06,2020,3,6,Friday,1,10,False
2020-03-07,2020,3,7,Saturday,1,10,True
2020-03-08,2020,3,8,Sunday,1,10,True
2020-03-09,2020,3,9,Monday,1,11,False
2020-03-10,2020,3,10,Tuesday,1,11,False
2020-03-11,2020,3,11,Wednesday,1,11,False
2020-03-12,2020,3,12,Thursday,1,11,False
2020-03-13,2020,3,13,Friday,1,11,False
2020-03-14,2020,3,14,Saturday,1,11,True
2020-03-15,2020,3,15,Sunday,1,11,True
2020-03-16,2020,3,16,Monday,1,12,False
2020-03-17,2020,3,17,Tuesday,1,12,False
2020-03-18,2020,3,18,Wednesday,1,12,False
2020-03-19,2020,3,19,Thursday,1,12,False
2020-03-20,2020,3,20,Friday,1,12,False
2020-03-21,2020,3,21,Saturday,1,12,True
2020-03-22,2020,3,22,Sunday,1,12,True
2020-03-23,2020,3,23,Monday,1,13,False
2020-03-24,2020,3,24,Tuesday,1,13,False
2020-03-25,2020,3,25,Wednesday,1,13,False
2020-03-26,2020,3,26,Thursday,1,13,False
2020-03-27,2020,3,27,Friday,1,13,False
2020-03-28,2020,3,28,Saturday,1,13,True
2020-03-29,2020,3,29,Sunday,1,13,True
2020-03-30,2020,3,30,Monday,1,14,False
2020-03-31,2020,3,31,Tuesday,1,14,False
2020-04-01,2020,4,1,Wednesday,2,14,False
2020-04-02,2020,4,2,Thursday,2,14,False
2020-04-03,2020,4,3,Friday,2,14,False
2020-04-04,2020,4,4,Saturday,2,14,True
2020-04-05,2020,4,5,Sunday,2,14,True
2020-04-06,2020,4,6,Monday,2,15,False
2020-04-07,2020,4,7,Tuesday,2,15,False
2020-04-08,2020,4,8,Wednesday,2,15,False
2020-04-09,2020,4,9,Thursday,2,15,False
2020-04-10,2020,4,10,Friday,2,15,False
2020-04-11,2020,4,11,Saturday,2,15,True
2020-04-12,2020,4,12,Sunday,2,15,True
2020-04-13,2020,4,13,Monday,2,16,False
2020-04-14,2020,4,14,Tuesday,2,16,False
2020-04-15,2020,4,15,Wednesday,2,16,False
2020-04-16,2020,4,16,Thursday,2,16,False
2020-04-17,2020,4,17,Friday,2,16,False
2020-04-18,2020,4,18,Saturday,2,16,True
2020-04-19,2020,4,19,Sunday,2,16,True
2020-04-20,2020,4,20,Monday,2,17,False
2020-04-21,2020,4,21,Tuesday,2,17,False
2020-04-22,2020,4,22,Wednesday,2,17,False
2020-04-23,2020,4,23,Thursday,2,17,False
2020-04-24,2020,4,24,Friday,2,17,False
2020-04-25,2020,4,25,Saturday,2,17,True
2020-04-26,2020,4,26,Sunday,2,17,True
2020-04-27,2020,4,27,Monday,2,18,False
2020-04-28,2020,4,28,Tuesday,2,18,False
2020-04-29,2020,4,29,Wednesday,2,18,False
2020-04-30,2020,4,30,Thursday,2,18,False
2020-05-01,2020,5,1,Friday,2,18,False
2020-05-02,2020,5,2,Saturday,2,18,True
2020-05-03,2020,5,3,Sunday,2,18,True
2020-05-04,2020,5,4,Monday,2,19,False
2020-05-05,2020,5,5,Tuesday,2,19,False
2020-05-06,2020,5,6,Wednesday,2,19,False
2020-05-07,2020,5,7,Thursday,2,19,False
2020-05-08,2020,5,8,Friday,2,19,False
2020-05-09,2020,5,9,Saturday,2,19,True
2020-05-10,2020,5,10,Sunday,2,19,True
2020-05-11,2020,5,11,Monday,2,20,False
2020-05-12,2020,5,12,Tuesday,2,20,False
2020-05-13,2020,5,13,Wednesday,2,20,False
2020-05-14,2020,5,14,Thursday,2,20,False
2020-05-15,2020,5,15,Friday,2,20,False
2020-05-16,2020,5,16,Saturday,2,20,True
2020-05-17,2020,5,17,Sunday,2,20,True
2020-05-18,2020,5,18,Monday,2,21,False
2020-05-19,2020,5,19,Tuesday,2,21,False
2020-05-20,2020,5,20,Wednesday,2,21,False
2020-05-21,2020,5,21,Thursday,2,21,False
2020-05-22,2020,5,22,Friday,2,21,False
2020-05-23,2020,5,23,Saturday,2,21,True
2020-05-24,2020,5,24,Sunday,2,21,True
2020-05-25,2020,5,25,Monday,2,22,False
2020-05-26,2020,5,26,Tuesday,2,22,False
2020-05-27,2020,5,27,Wednesday,2,22,False
2020-05-28,2020,5,28,Thursday,2,22,False
2020-05-29,2020,5,29,Friday,2,22,False
2020-05-30,2020,5,30,Saturday,2,22,True
2020-05-31,2020,5,31,Sunday,2,22,True
2020-06-01,2020,6,1,Monday,2,23,False
2020-06-02,2020,6,2,Tuesday,2,23,False
2020-06-03,2020,6,3,Wednesday,2,23,False
2020-06-04,2020,6,4,Thursday,2,23,False
2020-06-05,2020,6,5,Friday,2,23,False
2020-06-06,2020,6,6,Saturday,2,23,True
2020-06-07,2020,6,7,Sunday,2,23,True
2020-06-08,2020,6,8,Monday,2,24,False
2020-06-09,2020,6,9,Tuesday,2,24,False
2020-06-10,2020,6,10,Wednesday,2,24,False
2020-06-11,2020,6,11,Thursday,2,24,False
2020-06-12,2020,6,12,Friday,2,24,False
2020-06-13,2020,6,13,Saturday,2,24,True
2020-06-14,2020,6,14,Sunday,2,24,True
2020-06-15,2020,6,15,Monday,2,25,False
2020-06-16,2020,6,16,Tuesday,2,25,False
2020-06-17,2020,6,17,Wednesday,2,25,False
2020-06-18,2020,6,18,Thursday,2,25,False
2020-06-19,2020,6,19,Friday,2,25,False
2020-06-20,2020,6,20,Saturday,2,25,True
2020-06-21,2020,6,21,Sunday,2,25,True
2020-06-22,2020,6,22,Monday,2,26,False
2020-06-23,2020,6,23,Tuesday,2,26,False
2020-06-24,2020,6,24,Wednesday,2,26,False
2020-06-25,2020,6,25,Thursday,2,26,False
2020-06-26,2020,6,26,Friday,2,26,False
2020-06-27,2020,6,27,Saturday,2,26,True
2020-06-28,2020,6,28,Sunday,2,26,True
2020-06-29,2020,6,29,Monday,2,27,False
2020-06-30,2020,6,30,Tuesday,2,27,False
2020-07-01,2020,7,1,Wednesday,3,27,False
2020-07-02,2020,7,2,Thursday,3,27,False
2020-07-03,2020,7,3,Friday,3,27,False
2020-07-04,2020,7,4,Saturday,3,27,True
2020-07-05,2020,7,5,Sunday,3,27,True
2020-07-06,2020,7,6,Monday,3,28,False
2020-07-07,2020,7,7,Tuesday,3,28,False
2020-07-08,2020,7,8,Wednesday,3,28,False
2020-07-09,2020,7,9,Thursday,3,28,False
2020-07-10,2020,7,10,Friday,3,28,False
2020-07-11,2020,7,11,Saturday,3,28,True
2020-07-12,2020,7,12,Sunday,3,28,True
2020-07-13,2020,7,13,Monday,3,29,False
2020-07-14,2020,7,14,Tuesday,3,29,False
2020-07-15,2020,7,15,Wednesday,3,29,False
2020-07-16,2020,7,16,Thursday,3,29,False
2020-07-17,2020,7,17,Friday,3,29,False
2020-07-18,2020,7,18,Saturday,3,29,True
2020-07-19,2020,7,19,Sunday,3,29,True
2020-07-20,2020,7,20,Monday,3,30,False
2020-07-21,2020,7,21,Tuesday,3,30,False
2020-07-22,2020,7,22,Wednesday,3,30,False
2020-07-23,2020,7,23,Thursday,3,30,False
2020-07-24,2020,7,24,Friday,3,30,False
2020-07-25,2020,7,25,Saturday,3,30,True
2020-07-26,2020,7,26,Sunday,3,30,True
2020-07-27,2020,7,27,Monday,3,31,False
2020-07-28,2020,7,28,Tuesday,3,31,False
2020-07-29,2020,7,29,Wednesday,3,31,False
2020-07-30,2020,7,30,Thursday,3,31,False
2020-07-31,2020,7,31,Friday,3,31,False
2020-08-01,2020,8,1,Saturday,3,31,True
2020-08-02,2020,8,2,Sunday,3,31,True
2020-08-03,2020,8,3,Monday,3,32,False
2020-08-04,2020,8,4,Tuesday,3,32,False
2020-08-05,2020,8,5,Wednesday,3,32,False
2020-08-06,2020,8,6,Thursday,3,32,False
2020-08-07,2020,8,7,Friday,3,32,False
2020-08-08,2020,8,8,Saturday,3,32,True
2020-08-09,2020,8,9,Sunday,3,32,True
2020-08-10,2020,8,10,Monday,3,33,False
2020-08-11,2020,8,11,Tuesday,3,33,False
2020-08-12,2020,8,12,Wednesday,3,33,False
2020-08-13,2020,8,13,Thursday,3,33,False
2020-08-14,2020,8,14,Friday,3,33,False
2020-08-15,2020,8,15,Saturday,3,33,True
2020-08-16,2020,8,16,Sunday,3,33,True
2020-08-17,2020,8,17,Monday,3,34,False
2020-08-18,2020,8,18,Tuesday,3,34,False
2020-08-19,2020,8,19,Wednesday,3,34,False
2020-08-20,2020,8,20,Thursday,3,34,False
2020-08-21,2020,8,21,Friday,3,34,False
2020-08-22,2020,8,22,Saturday,3,34,True
2020-08-23,2020,8,23,Sunday,3,34,True
2020-08-24,2020,8,24,Monday,3,35,False
2020-08-25,2020,8,25,Tuesday,3,35,False
2020-08-26,2020,8,26,Wednesday,3,35,False
2020-08-27,2020,8,27,Thursday,3,35,False
2020-08-28,2020,8,28,Friday,3,35,False
2020-08-29,2020,8,29,Saturday,3,35,True
2020-08-30,2020,8,30,Sunday,3,35,True
2020-08-31,2020,8,31,Monday,3,36,False
2020-09-01,2020,9,1,Tuesday,3,36,False
2020-09-02,2020,9,2,Wednesday,3,36,False
2020-09-03,2020,9,3,Thursday,3,36,False
2020-09-04,2020,9,4,Friday,3,36,False
2020-09-05,2020,9,5,Saturday,3,36,True
2020-09-06,2020,9,6,Sunday,3,36,True
2020-09-07,2020,9,7,Monday,3,37,False
2020-09-08,2020,9,8,Tuesday,3,37,False
2020-09-09,2020,9,9,Wednesday,3,37,False
2020-09-10,2020,9,10,Thursday,3,37,False
2020-09-11,2020,9,11,Friday,3,37,False
2020-09-12,2020,9,12,Saturday,3,37,True
2020-09-13,2020,9,13,Sunday,3,37,True
2020-09-14,2020,9,14,Monday,3,38,False
2020-09-15,2020,9,15,Tuesday,3,38,False
2020-09-16,2020,9,16,Wednesday,3,38,False
2020-09-17,2020,9,17,Thursday,3,38,False
2020-09-18,2020,9,18,Friday,3,38,False
2020-09-19,2020,9,19,Saturday,3,38,True
2020-09-20,2020,9,20,Sunday,3,38,True
2020-09-21,2020,9,21,Monday,3,39,False
2020-09-22,2020,9,22,Tuesday,3,39,False
2020-09-23,2020,9,23,Wednesday,3,39,False
2020-09-24,2020,9,24,Thursday,3,39,False
2020-09-25,2020,9,25,Friday,3,39,False
2020-09-26,2020,9,26,Saturday,3,39,True
2020-09-27,2020,9,27,Sunday,3,39,True
2020-09-28,2020,9,28,Monday,3,40,False
2020-09-29,2020,9,29,Tuesday,3,40,False
2020-09-30,2020,9,30,Wednesday,3,40,False
2020-10-01,2020,10,1,Thursday,4,40,False
2020-10-02,2020,10,2,Friday,4,40,False
2020-10-03,2020,10,3,Saturday,4,40,True
2020-10-04,2020,10,4,Sunday,4,40,True
2020-10-05,2020,10,5,Monday,4,41,False
2020-10-06,2020,10,6,Tuesday,4,41,False
2020-10-07,2020,10,7,Wednesday,4,41,False
2020-10-08,2020,10,8,Thursday,4,41,False
2020-10-09,2020,10,9,Friday,4,41,False
2020-10-10,2020,10,10,Saturday,4,41,True
2020-10-11,2020,10,11,Sunday,4,41,True
2020-10-12,2020,10,12,Monday,4,42,False
2020-10-13,2020,10,13,Tuesday,4,42,False
2020-10-14,2020,10,14,Wednesday,4,42,False
2020-10-15,2020,10,15,Thursday,4,42,False
2020-10-16,2020,10,16,Friday,4,42,False
2020-10-17,2020,10,17,Saturday,4,42,True
2020-10-18,2020,10,18,Sunday,4,42,True
2020-10-19,2020,10,19,Monday,4,43,False
2020-10-20,2020,10,20,Tuesday,4,43,False
2020-10-21,2020,10,21,Wednesday,4,43,False
2020-10-22,2020,10,22,Thursday,4,43,False
2020-10-23,2020,10,23,Friday,4,43,False
2020-10-24,2020,10,24,Saturday,4,43,True
2020-10-25,2020,10,25,Sunday,4,43,True
2020-10-26,2020,10,26,Monday,4,44,False
2020-10-27,2020,10,27,Tuesday,4,44,False
2020-10-28,2020,10,28,Wednesday,4,44,False
2020-10-29,2020,10,29,Thursday,4,44,False
2020-10-30,2020,10,30,Friday,4,44,False
2020-10-31,2020,10,31,Saturday,4,44,True
2020-11-01,2020,11,1,Sunday,4,44,True
2020-11-02,2020,11,2,Monday,4,45,False
2020-11-03,2020,11,3,Tuesday,4,45,False
2020-11-04,2020,11,4,Wednesday,4,45,False
2020-11-05,2020,11,5,Thursday,4,45,False
2020-11-06,2020,11,6,Friday,4,45,False
2020-11-07,2020,11,7,Saturday,4,45,True
2020-11-08,2020,11,8,Sunday,4,45,True
2020-11-09,2020,11,9,Monday,4,46,False
2020-11-10,2020,11,10,Tuesday,4,46,False
2020-11-11,2020,11,11,Wednesday,4,46,False
2020-11-12,2020,11,12,Thursday,4,46,False
2020-11-13,2020,11,13,Friday,4,46,False
2020-11-14,2020,11,14,Saturday,4,46,True
2020-11-15,2020,11,15,Sunday,4,46,True
2020-11-16,2020,11,16,Monday,4,47,False
2020-11-17,2020,11,17,Tuesday,4,47,False
2020-11-18,2020,11,18,Wednesday,4,47,False
2020-11-19,2020,11,19,Thursday,4,47,False
2020-11-20,2020,11,20,Friday,4,47,False
2020-11-21,2020,11,21,Saturday,4,47,True
2020-11-22,2020,11,22,Sunday,4,47,True
2020-11-23,2020,11,23,Monday,4,48,False
2020-11-24,2020,11,24,Tuesday,4,48,False
2020-11-25,2020,11,25,Wednesday,4,48,False
2020-11-26,2020,11,26,Thursday,4,48,False
2020-11-27,2020,11,27,Friday,4,48,False
2020-11-28,2020,11,28,Saturday,4,48,True
2020-11-29,2020,11,29,Sunday,4,48,True
2020-11-30,2020,11,30,Monday,4,49,False
2020-12-01,2020,12,1,Tuesday,4,49,False
2020-12-02,2020,12,2,Wednesday,4,49,False
2020-12-03,2020,12,3,Thursday,4,49,False
2020-12-04,2020,12,4,Friday,4,49,False
2020-12-05,2020,12,5,Saturday,4,49,True
2020-12-06,2020,12,6,Sunday,4,49,True
2020-12-07,2020,12,7,Monday,4,50,False
2020-12-08,2020,12,8,Tuesday,4,50,False
2020-12-09,2020,12,9,Wednesday,4,50,False
2020-12-10,2020,12,10,Thursday,4,50,False
2020-12-11,2020,12,11,Friday,4,50,False
2020-12-12,2020,12,12,Saturday,4,50,True
2020-12-13,2020,12,13,Sunday,4,50,True
2020-12-14,2020,12,14,Monday,4,51,False
2020-12-15,2020,12,15,Tuesday,4,51,False
2020-12-16,2020,12,16,Wednesday,4,51,False
2020-12-17,2020,12,17,Thursday,4,51,False
2020-12-18,2020,12,18,Friday,4,51,False
2020-12-19,2020,12,19,Saturday,4,51,True
2020-12-20,2020,12,20,Sunday,4,51,True
2020-12-21,2020,12,21,Monday,4,52,False
2020-12-22,2020,12,22,Tuesday,4,52,False
2020-12-23,2020,12,23,Wednesday,4,52,False
2020-12-24,2020,12,24,Thursday,4,52,False
2020-12-25,2020,12,25,Friday,4,52,False
2020-12-26,2020,12,26,Saturday,4,52,True
2020-12-27,2020,12,27,Sunday,4,52,True
2020-12-28,2020,12,28,Monday,4,53,False
2020-12-29,2020,12,29,Tuesday,4,53,False
2020-12-30,2020,12,30,Wednesday,4,53,False
2020-12-31,2020,12,31,Thursday,4,53,False
2021-01-01,2021,1,1,Friday,1,53,False
2021-01-02,2021,1,2,Saturday,1,53,True
2021-01-03,2021,1,3,Sunday,1,53,True
2021-01-04,2021,1,4,Monday,1,1,False
2021-01-05,2021,1,5,Tuesday,1,1,False
2021-01-06,2021,1,6,Wednesday,1,1,False
2021-01-07,2021,1,7,Thursday,1,1,False
2021-01-08,2021,1,8,Friday,1,1,False
2021-01-09,2021,1,9,Saturday,1,1,True
2021-01-10,2021,1,10,Sunday,1,1,True
2021-01-11,2021,1,11,Monday,1,2,False
2021-01-12,2021,1,12,Tuesday,1,2,False
2021-01-13,2021,1,13,Wednesday,1,2,False
2021-01-14,2021,1,14,Thursday,1,2,False
2021-01-15,2021,1,15,Friday,1,2,False
2021-01-16,2021,1,16,Saturday,1,2,True
2021-01-17,2021,1,17,Sunday,1,2,True
2021-01-18,2021,1,18,Monday,1,3,False
2021-01-19,2021,1,19,Tuesday,1,3,False
2021-01-20,2021,1,20,Wednesday,1,3,False
2021-01-21,2021,1,21,Thursday,1,3,False
2021-01-22,2021,1,22,Friday,1,3,False
2021-01-23,2021,1,23,Saturday,1,3,True
2021-01-24,2021,1,24,Sunday,1,3,True
2021-01-25,2021,1,25,Monday,1,4,False
2021-01-26,2021,1,26,Tuesday,1,4,False
2021-01-27,2021,1,27,Wednesday,1,4,False
2021-01-28,2021,1,28,Thursday,1,4,False
2021-01-29,2021,1,29,Friday,1,4,False
2021-01-30,2021,1,30,Saturday,1,4,True
2021-01-31,2021,1,31,Sunday,1,4,True
2021-02-01,2021,2,1,Monday,1,5,False
2021-02-02,2021,2,2,Tuesday,1,5,False
2021-02-03,2021,2,3,Wednesday,1,5,False
2021-02-04,2021,2,4,Thursday,1,5,False
2021-02-05,2021,2,5,Friday,1,5,False
2021-02-06,2021,2,6,Saturday,1,5,True
2021-02-07,2021,2,7,Sunday,1,5,True
2021-02-08,2021,2,8,Monday,1,6,False
2021-02-09,2021,2,9,Tuesday,1,6,False
2021-02-10,2021,2,10,Wednesday,1,6,False
2021-02-11,2021,2,11,Thursday,1,6,False
2021-02-12,2021,2,12,Friday,1,6,False
2021-02-13,2021,2,13,Saturday,1,6,True
2021-02-14,2021,2,14,Sunday,1,6,True
2021-02-15,2021,2,15,Monday,1,7,False
2021-02-16,2021,2,16,Tuesday,1,7,False
2021-02-17,2021,2,17,Wednesday,1,7,False
2021-02-18,2021,2,18,Thursday,1,7,False
2021-02-19,2021,2,19,Friday,1,7,False
2021-02-20,2021,2,20,Saturday,1,7,True
2021-02-21,2021,2,21,Sunday,1,7,True
2021-02-22,2021,2,22,Monday,1,8,False
2021-02-23,2021,2,23,Tuesday,1,8,False
2021-02-24,2021,2,24,Wednesday,1,8,False
2021-02-25,2021,2,25,Thursday,1,8,False
2021-02-26,2021,2,26,Friday,1,8,False
2021-02-27,2021,2,27,Saturday,1,8,True
2021-02-28,2021,2,28,Sunday,1,8,True
2021-03-01,2021,3,1,Monday,1,9,False
2021-03-02,2021,3,2,Tuesday,1,9,False
2021-03-03,2021,3,3,Wednesday,1,9,False
2021-03-04,2021,3,4,Thursday,1,9,False
2021-03-05,2021,3,5,Friday,1,9,False
2021-03-06,2021,3,6,Saturday,1,9,True
2021-03-07,2021,3,7,Sunday,1,9,True
2021-03-08,2021,3,8,Monday,1,10,False
2021-03-09,2021,3,9,Tuesday,1,10,False
2021-03-10,2021,3,10,Wednesday,1,10,False
2021-03-11,2021,3,11,Thursday,1,10,False
2021-03-12,2021,3,12,Friday,1,10,False
2021-03-13,2021,3,13,Saturday,1,10,True
2021-03-14,2021,3,14,Sunday,1,10,True
2021-03-15,2021,3,15,Monday,1,11,False
2021-03-16,2021,3,16,Tuesday,1,11,False
2021-03-17,2021,3,17,Wednesday,1,11,False
2021-03-18,2021,3,18,Thursday,1,11,False
2021-03-19,2021,3,19,Friday,1,11,False
2021-03-20,2021,3,20,Saturday,1,11,True
2021-03-21,2021,3,21,Sunday,1,11,True
2021-03-22,2021,3,22,Monday,1,12,False
2021-03-23,2021,3,23,Tuesday,1,12,False
2021-03-24,2021,3,24,Wednesday,1,12,False
2021-03-25,2021,3,25,Thursday,1,12,False
2021-03-26,2021,3,26,Friday,1,12,False
2021-03-27,2021,3,27,Saturday,1,12,True
2021-03-28,2021,3,28,Sunday,1,12,True
2021-03-29,2021,3,29,Monday,1,13,False
2021-03-30,2021,3,30,Tuesday,1,13,False
2021-03-31,2021,3,31,Wednesday,1,13,False
2021-04-01,2021,4,1,Thursday,2,13,False
2021-04-02,2021,4,2,Friday,2,13,False
2021-04-03,2021,4,3,Saturday,2,13,True
2021-04-04,2021,4,4,Sunday,2,13,True
2021-04-05,2021,4,5,Monday,2,14,False
2021-04-06,2021,4,6,Tuesday,2,14,False
2021-04-07,2021,4,7,Wednesday,2,14,False
2021-04-08,2021,4,8,Thursday,2,14,False
2021-04-09,2021,4,9,Friday,2,14,False
2021-04-10,2021,4,10,Saturday,2,14,True
2021-04-11,2021,4,11,Sunday,2,14,True
2021-04-12,2021,4,12,Monday,2,15,False
2021-04-13,2021,4,13,Tuesday,2,15,False
2021-04-14,2021,4,14,Wednesday,2,15,False
2021-04-15,2021,4,15,Thursday,2,15,False
2021-04-16,2021,4,16,Friday,2,15,False
2021-04-17,2021,4,17,Saturday,2,15,True
2021-04-18,2021,4,18,Sunday,2,15,True
2021-04-19,2021,4,19,Monday,2,16,False
2021-04-20,2021,4,20,Tuesday,2,16,False
2021-04-21,2021,4,21,Wednesday,2,16,False
2021-04-22,2021,4,22,Thursday,2,16,False
2021-04-23,2021,4,23,Friday,2,16,False
2021-04-24,2021,4,24,Saturday,2,16,True
2021-04-25,2021,4,25,Sunday,2,16,True
2021-04-26,2021,4,26,Monday,2,17,False
2021-04-27,2021,4,27,Tuesday,2,17,False
2021-04-28,2021,4,28,Wednesday,2,17,False
2021-04-29,2021,4,29,Thursday,2,17,False
2021-04-30,2021,4,30,Friday,2,17,False
2021-05-01,2021,5,1,Saturday,2,17,True
2021-05-02,2021,5,2,Sunday,2,17,True
2021-05-03,2021,5,3,Monday,2,18,False
2021-05-04,2021,5,4,Tuesday,2,18,False
2021-05-05,2021,5,5,Wednesday,2,18,False
2021-05-06,2021,5,6,Thursday,2,18,False
2021-05-07,2021,5,7,Friday,2,18,False
2021-05-08,2021,5,8,Saturday,2,18,True
2021-05-09,2021,5,9,Sunday,2,18,True
2021-05-10,2021,5,10,Monday,2,19,False
2021-05-11,2021,5,11,Tuesday,2,19,False
2021-05-12,2021,5,12,Wednesday,2,19,False
2021-05-13,2021,5,13,Thursday,2,19,False
2021-05-14,2021,5,14,Friday,2,19,False
2021-05-15,2021,5,15,Saturday,2,19,True
2021-05-16,2021,5,16,Sunday,2,19,True
2021-05-17,2021,5,17,Monday,2,20,False
2021-05-18,2021,5,18,Tuesday,2,20,False
2021-05-19,2021,5,19,Wednesday,2,20,False
2021-05-20,2021,5,20,Thursday,2,20,False
2021-05-21,2021,5,21,Friday,2,20,False
2021-05-22,2021,5,22,Saturday,2,20,True
2021-05-23,2021,5,23,Sunday,2,20,True
2021-05-24,2021,5,24,Monday,2,21,False
2021-05-25,2021,5,25,Tuesday,2,21,False
2021-05-26,2021,5,26,Wednesday,2,21,False
2021-05-27,2021,5,27,Thursday,2,21,False
2021-05-28,2021,5,28,Friday,2,21,False
2021-05-29,2021,5,29,Saturday,2,21,True
2021-05-30,2021,5,30,Sunday,2,21,True
2021-05-31,2021,5,31,Monday,2,22,False
2021-06-01,2021,6,1,Tuesday,2,22,False
2021-06-02,2021,6,2,Wednesday,2,22,False
2021-06-03,2021,6,3,Thursday,2,22,False
2021-06-04,2021,6,4,Friday,2,22,False
2021-06-05,2021,6,5,Saturday,2,22,True
2021-06-06,2021,6,6,Sunday,2,22,True
2021-06-07,2021,6,7,Monday,2,23,False
2021-06-08,2021,6,8,Tuesday,2,23,False
2021-06-09,2021,6,9,Wednesday,2,23,False
2021-06-10,2021,6,10,Thursday,2,23,False
2021-06-11,2021,6,11,Friday,2,23,False
2021-06-12,2021,6,12,Saturday,2,23,True
2021-06-13,2021,6,13,Sunday,2,23,True
2021-06-14,2021,6,14,Monday,2,24,False
2021-06-15,2021,6,15,Tuesday,2,24,False
2021-06-16,2021,6,16,Wednesday,2,24,False
2021-06-17,2021,6,17,Thursday,2,24,False
2021-06-18,2021,6,18,Friday,2,24,False
2021-06-19,2021,6,19,Saturday,2,24,True
2021-06-20,2021,6,20,Sunday,2,24,True
2021-06-21,2021,6,21,Monday,2,25,False
2021-06-22,2021,6,22,Tuesday,2,25,False
2021-06-23,2021,6,23,Wednesday,2,25,False
2021-06-24,2021,6,24,Thursday,2,25,False
2021-06-25,2021,6,25,Friday,2,25,False
2021-06-26,2021,6,26,Saturday,2,25,True
2021-06-27,2021,6,27,Sunday,2,25,True
2021-06-28,2021,6,28,Monday,2,26,False
2021-06-29,2021,6,29,Tuesday,2,26,False
2021-06-30,2021,6,30,Wednesday,2,26,False
2021-07-01,2021,7,1,Thursday,3,26,False
2021-07-02,2021,7,2,Friday,3,26,False
2021-07-03,2021,7,3,Saturday,3,26,True
2021-07-04,2021,7,4,Sunday,3,26,True
2021-07-05,2021,7,5,Monday,3,27,False
2021-07-06,2021,7,6,Tuesday,3,27,False
2021-07-07,2021,7,7,Wednesday,3,27,False
2021-07-08,2021,7,8,Thursday,3,27,False
2021-07-09,2021,7,9,Friday,3,27,False
2021-07-10,2021,7,10,Saturday,3,27,True
2021-07-11,2021,7,11,Sunday,3,27,True
2021-07-12,2021,7,12,Monday,3,28,False
2021-07-13,2021,7,13,Tuesday,3,28,False
2021-07-14,2021,7,14,Wednesday,3,28,False
2021-07-15,2021,7,15,Thursday,3,28,False
2021-07-16,2021,7,16,Friday,3,28,False
2021-07-17,2021,7,17,Saturday,3,28,True
2021-07-18,2021,7,18,Sunday,3,28,True
2021-07-19,2021,7,19,Monday,3,29,False
2021-07-20,2021,7,20,Tuesday,3,29,False
2021-07-21,2021,7,21,Wednesday,3,29,False
2021-07-22,2021,7,22,Thursday,3,29,False
2021-07-23,2021,7,23,Friday,3,29,False
2021-07-24,2021,7,24,Saturday,3,29,True
2021-07-25,2021,7,25,Sunday,3,29,True
2021-07-26,2021,7,26,Monday,3,30,False
2021-07-27,2021,7,27,Tuesday,3,30,False
2021-07-28,2021,7,28,Wednesday,3,30,False
2021-07-29,2021,7,29,Thursday,3,30,False
2021-07-30,2021,7,30,Friday,3,30,False
2021-07-31,2021,7,31,Saturday,3,30,True
2021-08-01,2021,8,1,Sunday,3,30,True
2021-08-02,2021,8,2,Monday,3,31,False
2021-08-03,2021,8,3,Tuesday,3,31,False
2021-08-04,2021,8,4,Wednesday,3,31,False
2021-08-05,2021,8,5,Thursday,3,31,False
2021-08-06,2021,8,6,Friday,3,31,False
2021-08-07,2021,8,7,Saturday,3,31,True
2021-08-08,2021,8,8,Sunday,3,31,True
2021-08-09,2021,8,9,Monday,3,32,False
2021-08-10,2021,8,10,Tuesday,3,32,False
2021-08-11,2021,8,11,Wednesday,3,32,False
2021-08-12,2021,8,12,Thursday,3,32,False
2021-08-13,2021,8,13,Friday,3,32,False
2021-08-14,2021,8,14,Saturday,3,32,True
2021-08-15,2021,8,15,Sunday,3,32,True
2021-08-16,2021,8,16,Monday,3,33,False
2021-08-17,2021,8,17,Tuesday,3,33,False
2021-08-18,2021,8,18,Wednesday,3,33,False
2021-08-19,2021,8,19,Thursday,3,33,False
2021-08-20,2021,8,20,Friday,3,33,False
2021-08-21,2021,8,21,Saturday,3,33,True
2021-08-22,2021,8,22,Sunday,3,33,True
2021-08-23,2021,8,23,Monday,3,34,False
2021-08-24,2021,8,24,Tuesday,3,34,False
2021-08-25,2021,8,25,Wednesday,3,34,False
2021-08-26,2021,8,26,Thursday,3,34,False
2021-08-27,2021,8,27,Friday,3,34,False
2021-08-28,2021,8,28,Saturday,3,34,True
2021-08-29,2021,8,29,Sunday,3,34,True
2021-08-30,2021,8,30,Monday,3,35,False
2021-08-31,2021,8,31,Tuesday,3,35,False
2021-09-01,2021,9,1,Wednesday,3,35,False
2021-09-02,2021,9,2,Thursday,3,35,False
2021-09-03,2021,9,3,Friday,3,35,False
2021-09-04,2021,9,4,Saturday,3,35,True
2021-09-05,2021,9,5,Sunday,3,35,True
2021-09-06,2021,9,6,Monday,3,36,False
2021-09-07,2021,9,7,Tuesday,3,36,False
2021-09-08,2021,9,8,Wednesday,3,36,False
2021-09-09,2021,9,9,Thursday,3,36,False
2021-09-10,2021,9,10,Friday,3,36,False
2021-09-11,2021,9,11,Saturday,3,36,True
2021-09-12,2021,9,12,Sunday,3,36,True
2021-09-13,2021,9,13,Monday,3,37,False
2021-09-14,2021,9,14,Tuesday,3,37,False
2021-09-15,2021,9,15,Wednesday,3,37,False
2021-09-16,2021,9,16,Thursday,3,37,False
2021-09-17,2021,9,17,Friday,3,37,False
2021-09-18,2021,9,18,Saturday,3,37,True
2021-09-19,2021,9,19,Sunday,3,37,True
2021-09-20,2021,9,20,Monday,3,38,False
2021-09-21,2021,9,21,Tuesday,3,38,False
2021-09-22,2021,9,22,Wednesday,3,38,False
2021-09-23,2021,9,23,Thursday,3,38,False
2021-09-24,2021,9,24,Friday,3,38,False
2021-09-25,2021,9,25,Saturday,3,38,True
2021-09-26,2021,9,26,Sunday,3,38,True
2021-09-27,2021,9,27,Monday,3,39,False
2021-09-28,2021,9,28,Tuesday,3,39,False
2021-09-29,2021,9,29,Wednesday,3,39,False
2021-09-30,2021,9,30,Thursday,3,39,False
2021-10-01,2021,10,1,Friday,4,39,False
2021-10-02,2021,10,2,Saturday,4,39,True
2021-10-03,2021,10,3,Sunday,4,39,True
2021-10-04,2021,10,4,Monday,4,40,False
2021-10-05,2021,10,5,Tuesday,4,40,False
2021-10-06,2021,10,6,Wednesday,4,40,False
2021-10-07,2021,10,7,Thursday,4,40,False
2021-10-08,2021,10,8,Friday,4,40,False
2021-10-09,2021,10,9,Saturday,4,40,True
2021-10-10,2021,10,10,Sunday,4,40,True
2021-10-11,2021,10,11,Monday,4,41,False
2021-10-12,2021,10,12,Tuesday,4,41,False
2021-10-13,2021,10,13,Wednesday,4,41,False
2021-10-14,2021,10,14,Thursday,4,41,False
2021-10-15,2021,10,15,Friday,4,41,False
2021-10-16,2021,10,16,Saturday,4,41,True
2021-10-17,2021,10,17,Sunday,4,41,True
2021-10-18,2021,10,18,Monday,4,42,False
2021-10-19,2021,10,19,Tuesday,4,42,False
2021-10-20,2021,10,20,Wednesday,4,42,False
2021-10-21,2021,10,21,Thursday,4,42,False
2021-10-22,2021,10,22,Friday,4,42,False
2021-10-23,2021,10,23,Saturday,4,42,True
2021-10-24,2021,10,24,Sunday,4,42,True
2021-10-25,2021,10,25,Monday,4,43,False
2021-10-26,2021,10,26,Tuesday,4,43,False
2021-10-27,2021,10,27,Wednesday,4,43,False
2021-10-28,2021,10,28,Thursday,4,43,False
2021-10-29,2021,10,29,Friday,4,43,False
2021-10-30,2021,10,30,Saturday,4,43,True
2021-10-31,2021,10,31,Sunday,4,43,True
2021-11-01,2021,11,1,Monday,4,44,False
2021-11-02,2021,11,2,Tuesday,4,44,False
2021-11-03,2021,11,3,Wednesday,4,44,False
2021-11-04,2021,11,4,Thursday,4,44,False
2021-11-05,2021,11,5,Friday,4,44,False
2021-11-06,2021,11,6,Saturday,4,44,True
2021-11-07,2021,11,7,Sunday,4,44,True
2021-11-08,2021,11,8,Monday,4,45,False
2021-11-09,2021,11,9,Tuesday,4,45,False
2021-11-10,2021,11,10,Wednesday,4,45,False
2021-11-11,2021,11,11,Thursday,4,45,False
2021-11-12,2021,11,12,Friday,4,45,False
2021-11-13,2021,11,13,Saturday,4,45,True
2021-11-14,2021,11,14,Sunday,4,45,True
2021-11-15,2021,11,15,Monday,4,46,False
2021-11-16,2021,11,16,Tuesday,4,46,False
2021-11-17,2021,11,17,Wednesday,4,46,False
2021-11-18,2021,11,18,Thursday,4,46,False
2021-11-19,2021,11,19,Friday,4,46,False
2021-11-20,2021,11,20,Saturday,4,46,True
2021-11-21,2021,11,21,Sunday,4,46,True
2021-11-22,2021,11,22,Monday,4,47,False
2021-11-23,2021,11,23,Tuesday,4,47,False
2021-11-24,2021,11,24,Wednesday,4,47,False
2021-11-25,2021,11,25,Thursday,4,47,False
2021-11-26,2021,11,26,Friday,4,47,False
2021-11-27,2021,11,27,Saturday,4,47,True
2021-11-28,2021,11,28,Sunday,4,47,True
2021-11-29,2021,11,29,Monday,4,48,False
2021-11-30,2021,11,30,Tuesday,4,48,False
2021-12-01,2021,12,1,Wednesday,4,48,False
2021-12-02,2021,12,2,Thursday,4,48,False
2021-12-03,2021,12,3,Friday,4,48,False
2021-12-04,2021,12,4,Saturday,4,48,True
2021-12-05,2021,12,5,Sunday,4,48,True
2021-12-06,2021,12,6,Monday,4,49,False
2021-12-07,2021,12,7,Tuesday,4,49,False
2021-12-08,2021,12,8,Wednesday,4,49,False
2021-12-09,2021,12,9,Thursday,4,49,False
2021-12-10,2021,12,10,Friday,4,49,False
2021-12-11,2021,12,11,Saturday,4,49,True
2021-12-12,2021,12,12,Sunday,4,49,True
2021-12-13,2021,12,13,Monday,4,50,False
2021-12-14,2021,12,14,Tuesday,4,50,False
2021-12-15,2021,12,15,Wednesday,4,50,False
2021-12-16,2021,12,16,Thursday,4,50,False
2021-12-17,2021,12,17,Friday,4,50,False
2021-12-18,2021,12,18,Saturday,4,50,True
2021-12-19,2021,12,19,Sunday,4,50,True
2021-12-20,2021,12,20,Monday,4,51,False
2021-12-21,2021,12,21,Tuesday,4,51,False
2021-12-22,2021,12,22,Wednesday,4,51,False
2021-12-23,2021,12,23,Thursday,4,51,False
2021-12-24,2021,12,24,Friday,4,51,False
2021-12-25,2021,12,25,Saturday,4,51,True
2021-12-26,2021,12,26,Sunday,4,51,True
2021-12-27,2021,12,27,Monday,4,52,False
2021-12-28,2021,12,28,Tuesday,4,52,False
2021-12-29,2021,12,29,Wednesday,4,52,False
2021-12-30,2021,12,30,Thursday,4,52,False
2021-12-31,2021,12,31,Friday,4,52,False
2022-01-01,2022,1,1,Saturday,1,52,True
2022-01-02,2022,1,2,Sunday,1,52,True
2022-01-03,2022,1,3,Monday,1,1,False
2022-01-04,2022,1,4,Tuesday,1,1,False
2022-01-05,2022,1,5,Wednesday,1,1,False
2022-01-06,2022,1,6,Thursday,1,1,False
2022-01-07,2022,1,7,Friday,1,1,False
2022-01-08,2022,1,8,Saturday,1,1,True
2022-01-09,2022,1,9,Sunday,1,1,True
2022-01-10,2022,1,10,Monday,1,2,False
2022-01-11,2022,1,11,Tuesday,1,2,False
2022-01-12,2022,1,12,Wednesday,1,2,False
2022-01-13,2022,1,13,Thursday,1,2,False
2022-01-14,2022,1,14,Friday,1,2,False
2022-01-15,2022,1,15,Saturday,1,2,True
2022-01-16,2022,1,16,Sunday,1,2,True
2022-01-17,2022,1,17,Monday,1,3,False
2022-01-18,2022,1,18,Tuesday,1,3,False
2022-01-19,2022,1,19,Wednesday,1,3,False
2022-01-20,2022,1,20,Thursday,1,3,False
2022-01-21,2022,1,21,Friday,1,3,False
2022-01-22,2022,1,22,Saturday,1,3,True
2022-01-23,2022,1,23,Sunday,1,3,True
2022-01-24,2022,1,24,Monday,1,4,False
2022-01-25,2022,1,25,Tuesday,1,4,False
2022-01-26,2022,1,26,Wednesday,1,4,False
2022-01-27,2022,1,27,Thursday,1,4,False
2022-01-28,2022,1,28,Friday,1,4,False
2022-01-29,2022,1,29,Saturday,1,4,True
2022-01-30,2022,1,30,Sunday,1,4,True
2022-01-31,2022,1,31,Monday,1,5,False
2022-02-01,2022,2,1,Tuesday,1,5,False
2022-02-02,2022,2,2,Wednesday,1,5,False
2022-02-03,2022,2,3,Thursday,1,5,False
2022-02-04,2022,2,4,Friday,1,5,False
2022-02-05,2022,2,5,Saturday,1,5,True
2022-02-06,2022,2,6,Sunday,1,5,True
2022-02-07,2022,2,7,Monday,1,6,False
2022-02-08,2022,2,8,Tuesday,1,6,False
2022-02-09,2022,2,9,Wednesday,1,6,False
2022-02-10,2022,2,10,Thursday,1,6,False
2022-02-11,2022,2,11,Friday,1,6,False
2022-02-12,2022,2,12,Saturday,1,6,True
2022-02-13,2022,2,13,Sunday,1,6,True
2022-02-14,2022,2,14,Monday,1,7,False
2022-02-15,2022,2,15,Tuesday,1,7,False
2022-02-16,2022,2,16,Wednesday,1,7,False
2022-02-17,2022,2,17,Thursday,1,7,False
2022-02-18,2022,2,18,Friday,1,7,False
2022-02-19,2022,2,19,Saturday,1,7,True
2022-02-20,2022,2,20,Sunday,1,7,True
2022-02-21,2022,2,21,Monday,1,8,False
2022-02-22,2022,2,22,Tuesday,1,8,False
2022-02-23,2022,2,23,Wednesday,1,8,False
2022-02-24,2022,2,24,Thursday,1,8,False
2022-02-25,2022,2,25,Friday,1,8,False
2022-02-26,2022,2,26,Saturday,1,8,True
2022-02-27,2022,2,27,Sunday,1,8,True
2022-02-28,2022,2,28,Monday,1,9,False
2022-03-01,2022,3,1,Tuesday,1,9,False
2022-03-02,2022,3,2,Wednesday,1,9,False
2022-03-03,2022,3,3,Thursday,1,9,False
2022-03-04,2022,3,4,Friday,1,9,False
2022-03-05,2022,3,5,Saturday,1,9,True
2022-03-06,2022,3,6,Sunday,1,9,True
2022-03-07,2022,3,7,Monday,1,10,False
2022-03-08,2022,3,8,Tuesday,1,10,False
2022-03-09,2022,3,9,Wednesday,1,10,False
2022-03-10,2022,3,10,Thursday,1,10,False
2022-03-11,2022,3,11,Friday,1,10,False
2022-03-12,2022,3,12,Saturday,1,10,True
2022-03-13,2022,3,13,Sunday,1,10,True
2022-03-14,2022,3,14,Monday,1,11,False
2022-03-15,2022,3,15,Tuesday,1,11,False
2022-03-16,2022,3,16,Wednesday,1,11,False
2022-03-17,2022,3,17,Thursday,1,11,False
2022-03-18,2022,3,18,Friday,1,11,False
2022-03-19,2022,3,19,Saturday,1,11,True
2022-03-20,2022,3,20,Sunday,1,11,True
2022-03-21,2022,3,21,Monday,1,12,False
2022-03-22,2022,3,22,Tuesday,1,12,False
2022-03-23,2022,3,23,Wednesday,1,12,False
2022-03-24,2022,3,24,Thursday,1,12,False
2022-03-25,2022,3,25,Friday,1,12,False
2022-03-26,2022,3,26,Saturday,1,12,True
2022-03-27,2022,3,27,Sunday,1,12,True
2022-03-28,2022,3,28,Monday,1,13,False
2022-03-29,2022,3,29,Tuesday,1,13,False
2022-03-30,2022,3,30,Wednesday,1,13,False
2022-03-31,2022,3,31,Thursday,1,13,False
2022-04-01,2022,4,1,Friday,2,13,False
2022-04-02,2022,4,2,Saturday,2,13,True
2022-04-03,2022,4,3,Sunday,2,13,True
2022-04-04,2022,4,4,Monday,2,14,False
2022-04-05,2022,4,5,Tuesday,2,14,False
2022-04-06,2022,4,6,Wednesday,2,14,False
2022-04-07,2022,4,7,Thursday,2,14,False
2022-04-08,2022,4,8,Friday,2,14,False
2022-04-09,2022,4,9,Saturday,2,14,True
2022-04-10,2022,4,10,Sunday,2,14,True
2022-04-11,2022,4,11,Monday,2,15,False
2022-04-12,2022,4,12,Tuesday,2,15,False
2022-04-13,2022,4,13,Wednesday,2,15,False
2022-04-14,2022,4,14,Thursday,2,15,False
2022-04-15,2022,4,15,Friday,2,15,False
2022-04-16,2022,4,16,Saturday,2,15,True
2022-04-17,2022,4,17,Sunday,2,15,True
2022-04-18,2022,4,18,Monday,2,16,False
2022-04-19,2022,4,19,Tuesday,2,16,False
2022-04-20,2022,4,20,Wednesday,2,16,False
2022-04-21,2022,4,21,Thursday,2,16,False
2022-04-22,2022,4,22,Friday,2,16,False
2022-04-23,2022,4,23,Saturday,2,16,True
2022-04-24,2022,4,24,Sunday,2,16,True
2022-04-25,2022,4,25,Monday,2,17,False
2022-04-26,2022,4,26,Tuesday,2,17,False
2022-04-27,2022,4,27,Wednesday,2,17,False
2022-04-28,2022,4,28,Thursday,2,17,False
2022-04-29,2022,4,29,Friday,2,17,False
2022-04-30,2022,4,30,Saturday,2,17,True
2022-05-01,2022,5,1,Sunday,2,17,True
2022-05-02,2022,5,2,Monday,2,18,False
2022-05-03,2022,5,3,Tuesday,2,18,False
2022-05-04,2022,5,4,Wednesday,2,18,False
2022-05-05,2022,5,5,Thursday,2,18,False
2022-05-06,2022,5,6,Friday,2,18,False
2022-05-07,2022,5,7,Saturday,2,18,True
2022-05-08,2022,5,8,Sunday,2,18,True
2022-05-09,2022,5,9,Monday,2,19,False
2022-05-10,2022,5,10,Tuesday,2,19,False
2022-05-11,2022,5,11,Wednesday,2,19,False
2022-05-12,2022,5,12,Thursday,2,19,False
2022-05-13,2022,5,13,Friday,2,19,False
2022-05-14,2022,5,14,Saturday,2,19,True
2022-05-15,2022,5,15,Sunday,2,19,True
2022-05-16,2022,5,16,Monday,2,20,False
2022-05-17,2022,5,17,Tuesday,2,20,False
2022-05-18,2022,5,18,Wednesday,2,20,False
2022-05-19,2022,5,19,Thursday,2,20,False
2022-05-20,2022,5,20,Friday,2,20,False
2022-05-21,2022,5,21,Saturday,2,20,True
2022-05-22,2022,5,22,Sunday,2,20,True
2022-05-23,2022,5,23,Monday,2,21,False
2022-05-24,2022,5,24,Tuesday,2,21,False
2022-05-25,2022,5,25,Wednesday,2,21,False
2022-05-26,2022,5,26,Thursday,2,21,False
2022-05-27,2022,5,27,Friday,2,21,False
2022-05-28,2022,5,28,Saturday,2,21,True
2022-05-29,2022,5,29,Sunday,2,21,True
2022-05-30,2022,5,30,Monday,2,22,False
2022-05-31,2022,5,31,Tuesday,2,22,False
2022-06-01,2022,6,1,Wednesday,2,22,False
2022-06-02,2022,6,2,Thursday,2,22,False
2022-06-03,2022,6,3,Friday,2,22,False
2022-06-04,2022,6,4,Saturday,2,22,True
2022-06-05,2022,6,5,Sunday,2,22,True
2022-06-06,2022,6,6,Monday,2,23,False
2022-06-07,2022,6,7,Tuesday,2,23,False
2022-06-08,2022,6,8,Wednesday,2,23,False
2022-06-09,2022,6,9,Thursday,2,23,False
2022-06-10,2022,6,10,Friday,2,23,False
2022-06-11,2022,6,11,Saturday,2,23,True
2022-06-12,2022,6,12,Sunday,2,23,True
2022-06-13,2022,6,13,Monday,2,24,False
2022-06-14,2022,6,14,Tuesday,2,24,False
2022-06-15,2022,6,15,Wednesday,2,24,False
2022-06-16,2022,6,16,Thursday,2,24,False
2022-06-17,2022,6,17,Friday,2,24,False
2022-06-18,2022,6,18,Saturday,2,24,True
2022-06-19,2022,6,19,Sunday,2,24,True
2022-06-20,2022,6,20,Monday,2,25,False
2022-06-21,2022,6,21,Tuesday,2,25,False
2022-06-22,2022,6,22,Wednesday,2,25,False
2022-06-23,2022,6,23,Thursday,2,25,False
2022-06-24,2022,6,24,Friday,2,25,False
2022-06-25,2022,6,25,Saturday,2,25,True
2022-06-26,2022,6,26,Sunday,2,25,True
2022-06-27,2022,6,27,Monday,2,26,False
2022-06-28,2022,6,28,Tuesday,2,26,False
2022-06-29,2022,6,29,Wednesday,2,26,False
2022-06-30,2022,6,30,Thursday,2,26,False
2022-07-01,2022,7,1,Friday,3,26,False
2022-07-02,2022,7,2,Saturday,3,26,True
2022-07-03,2022,7,3,Sunday,3,26,True
2022-07-04,2022,7,4,Monday,3,27,False
2022-07-05,2022,7,5,Tuesday,3,27,False
2022-07-06,2022,7,6,Wednesday,3,27,False
2022-07-07,2022,7,7,Thursday,3,27,False
2022-07-08,2022,7,8,Friday,3,27,False
2022-07-09,2022,7,9,Saturday,3,27,True
2022-07-10,2022,7,10,Sunday,3,27,True
2022-07-11,2022,7,11,Monday,3,28,False
2022-07-12,2022,7,12,Tuesday,3,28,False
2022-07-13,2022,7,13,Wednesday,3,28,False
2022-07-14,2022,7,14,Thursday,3,28,False
2022-07-15,2022,7,15,Friday,3,28,False
2022-07-16,2022,7,16,Saturday,3,28,True
2022-07-17,2022,7,17,Sunday,3,28,True
2022-07-18,2022,7,18,Monday,3,29,False
2022-07-19,2022,7,19,Tuesday,3,29,False
2022-07-20,2022,7,20,Wednesday,3,29,False
2022-07-21,2022,7,21,Thursday,3,29,False
2022-07-22,2022,7,22,Friday,3,29,False
2022-07-23,2022,7,23,Saturday,3,29,True
2022-07-24,2022,7,24,Sunday,3,29,True
2022-07-25,2022,7,25,Monday,3,30,False
2022-07-26,2022,7,26,Tuesday,3,30,False
2022-07-27,2022,7,27,Wednesday,3,30,False
2022-07-28,2022,7,28,Thursday,3,30,False
2022-07-29,2022,7,29,Friday,3,30,False
2022-07-30,2022,7,30,Saturday,3,30,True
2022-07-31,2022,7,31,Sunday,3,30,True
2022-08-01,2022,8,1,Monday,3,31,False
2022-08-02,2022,8,2,Tuesday,3,31,False
2022-08-03,2022,8,3,Wednesday,3,31,False
2022-08-04,2022,8,4,Thursday,3,31,False
2022-08-05,2022,8,5,Friday,3,31,False
2022-08-06,2022,8,6,Saturday,3,31,True
2022-08-07,2022,8,7,Sunday,3,31,True
2022-08-08,2022,8,8,Monday,3,32,False
2022-08-09,2022,8,9,Tuesday,3,32,False
2022-08-10,2022,8,10,Wednesday,3,32,False
2022-08-11,2022,8,11,Thursday,3,32,False
2022-08-12,2022,8,12,Friday,3,32,False
2022-08-13,2022,8,13,Saturday,3,32,True
2022-08-14,2022,8,14,Sunday,3,32,True
2022-08-15,2022,8,15,Monday,3,33,False
2022-08-16,2022,8,16,Tuesday,3,33,False
2022-08-17,2022,8,17,Wednesday,3,33,False
2022-08-18,2022,8,18,Thursday,3,33,False
2022-08-19,2022,8,19,Friday,3,33,False
2022-08-20,2022,8,20,Saturday,3,33,True
2022-08-21,2022,8,21,Sunday,3,33,True
2022-08-22,2022,8,22,Monday,3,34,False
2022-08-23,2022,8,23,Tuesday,3,34,False
2022-08-24,2022,8,24,Wednesday,3,34,False
2022-08-25,2022,8,25,Thursday,3,34,False
2022-08-26,2022,8,26,Friday,3,34,False
2022-08-27,2022,8,27,Saturday,3,34,True
2022-08-28,2022,8,28,Sunday,3,34,True
2022-08-29,2022,8,29,Monday,3,35,False
2022-08-30,2022,8,30,Tuesday,3,35,False
2022-08-31,2022,8,31,Wednesday,3,35,False
2022-09-01,2022,9,1,Thursday,3,35,False
2022-09-02,2022,9,2,Friday,3,35,False
2022-09-03,2022,9,3,Saturday,3,35,True
2022-09-04,2022,9,4,Sunday,3,35,True
2022-09-05,2022,9,5,Monday,3,36,False
2022-09-06,2022,9,6,Tuesday,3,36,False
2022-09-07,2022,9,7,Wednesday,3,36,False
2022-09-08,2022,9,8,Thursday,3,36,False
2022-09-09,2022,9,9,Friday,3,36,False
2022-09-10,2022,9,10,Saturday,3,36,True
2022-09-11,2022,9,11,Sunday,3,36,True
2022-09-12,2022,9,12,Monday,3,37,False
2022-09-13,2022,9,13,Tuesday,3,37,False
2022-09-14,2022,9,14,Wednesday,3,37,False
2022-09-15,2022,9,15,Thursday,3,37,False
2022-09-16,2022,9,16,Friday,3,37,False
2022-09-17,2022,9,17,Saturday,3,37,True
2022-09-18,2022,9,18,Sunday,3,37,True
2022-09-19,2022,9,19,Monday,3,38,False
2022-09-20,2022,9,20,Tuesday,3,38,False
2022-09-21,2022,9,21,Wednesday,3,38,False
2022-09-22,2022,9,22,Thursday,3,38,False
2022-09-23,2022,9,23,Friday,3,38,False
2022-09-24,2022,9,24,Saturday,3,38,True
2022-09-25,2022,9,25,Sunday,3,38,True
2022-09-26,2022,9,26,Monday,3,39,False
2022-09-27,2022,9,27,Tuesday,3,39,False
2022-09-28,2022,9,28,Wednesday,3,39,False
2022-09-29,2022,9,29,Thursday,3,39,False
2022-09-30,2022,9,30,Friday,3,39,False
2022-10-01,2022,10,1,Saturday,4,39,True
2022-10-02,2022,10,2,Sunday,4,39,True
2022-10-03,2022,10,3,Monday,4,40,False
2022-10-04,2022,10,4,Tuesday,4,40,False
2022-10-05,2022,10,5,Wednesday,4,40,False
2022-10-06,2022,10,6,Thursday,4,40,False
2022-10-07,2022,10,7,Friday,4,40,False
2022-10-08,2022,10,8,Saturday,4,40,True
2022-10-09,2022,10,9,Sunday,4,40,True
2022-10-10,2022,10,10,Monday,4,41,False
2022-10-11,2022,10,11,Tuesday,4,41,False
2022-10-12,2022,10,12,Wednesday,4,41,False
2022-10-13,2022,10,13,Thursday,4,41,False
2022-10-14,2022,10,14,Friday,4,41,False
2022-10-15,2022,10,15,Saturday,4,41,True
2022-10-16,2022,10,16,Sunday,4,41,True
2022-10-17,2022,10,17,Monday,4,42,False
2022-10-18,2022,10,18,Tuesday,4,42,False
2022-10-19,2022,10,19,Wednesday,4,42,False
2022-10-20,2022,10,20,Thursday,4,42,False
2022-10-21,2022,10,21,Friday,4,42,False
2022-10-22,2022,10,22,Saturday,4,42,True
2022-10-23,2022,10,23,Sunday,4,42,True
2022-10-24,2022,10,24,Monday,4,43,False
2022-10-25,2022,10,25,Tuesday,4,43,False
2022-10-26,2022,10,26,Wednesday,4,43,False
2022-10-27,2022,10,27,Thursday,4,43,False
2022-10-28,2022,10,28,Friday,4,43,False
2022-10-29,2022,10,29,Saturday,4,43,True
2022-10-30,2022,10,30,Sunday,4,43,True
2022-10-31,2022,10,31,Monday,4,44,False
2022-11-01,2022,11,1,Tuesday,4,44,False
2022-11-02,2022,11,2,Wednesday,4,44,False
2022-11-03,2022,11,3,Thursday,4,44,False
2022-11-04,2022,11,4,Friday,4,44,False
2022-11-05,2022,11,5,Saturday,4,44,True
2022-11-06,2022,11,6,Sunday,4,44,True
2022-11-07,2022,11,7,Monday,4,45,False
2022-11-08,2022,11,8,Tuesday,4,45,False
2022-11-09,2022,11,9,Wednesday,4,45,False
2022-11-10,2022,11,10,Thursday,4,45,False
2022-11-11,2022,11,11,Friday,4,45,False
2022-11-12,2022,11,12,Saturday,4,45,True
2022-11-13,2022,11,13,Sunday,4,45,True
2022-11-14,2022,11,14,Monday,4,46,False
2022-11-15,2022,11,15,Tuesday,4,46,False
2022-11-16,2022,11,16,Wednesday,4,46,False
2022-11-17,2022,11,17,Thursday,4,46,False
2022-11-18,2022,11,18,Friday,4,46,False
2022-11-19,2022,11,19,Saturday,4,46,True
2022-11-20,2022,11,20,Sunday,4,46,True
2022-11-21,2022,11,21,Monday,4,47,False
2022-11-22,2022,11,22,Tuesday,4,47,False
2022-11-23,2022,11,23,Wednesday,4,47,False
2022-11-24,2022,11,24,Thursday,4,47,False
2022-11-25,2022,11,25,Friday,4,47,False
2022-11-26,2022,11,26,Saturday,4,47,True
2022-11-27,2022,11,27,Sunday,4,47,True
2022-11-28,2022,11,28,Monday,4,48,False
2022-11-29,2022,11,29,Tuesday,4,48,False
2022-11-30,2022,11,30,Wednesday,4,48,False
2022-12-01,2022,12,1,Thursday,4,48,False
2022-12-02,2022,12,2,Friday,4,48,False
2022-12-03,2022,12,3,Saturday,4,48,True
2022-12-04,2022,12,4,Sunday,4,48,True
2022-12-05,2022,12,5,Monday,4,49,False
2022-12-06,2022,12,6,Tuesday,4,49,False
2022-12-07,2022,12,7,Wednesday,4,49,False
2022-12-08,2022,12,8,Thursday,4,49,False
2022-12-09,2022,12,9,Friday,4,49,False
2022-12-10,2022,12,10,Saturday,4,49,True
2022-12-11,2022,12,11,Sunday,4,49,True
2022-12-12,2022,12,12,Monday,4,50,False
2022-12-13,2022,12,13,Tuesday,4,50,False
2022-12-14,2022,12,14,Wednesday,4,50,False
2022-12-15,2022,12,15,Thursday,4,50,False
2022-12-16,2022,12,16,Friday,4,50,False
2022-12-17,2022,12,17,Saturday,4,50,True
2022-12-18,2022,12,18,Sunday,4,50,True
2022-12-19,2022,12,19,Monday,4,51,False
2022-12-20,2022,12,20,Tuesday,4,51,False
2022-12-21,2022,12,21,Wednesday,4,51,False
2022-12-22,2022,12,22,Thursday,4,51,False
2022-12-23,2022,12,23,Friday,4,51,False
2022-12-24,2022,12,24,Saturday,4,51,True
2022-12-25,2022,12,25,Sunday,4,51,True
2022-12-26,2022,12,26,Monday,4,52,False
2022-12-27,2022,12,27,Tuesday,4,52,False
2022-12-28,2022,12,28,Wednesday,4,52,False
2022-12-29,2022,12,29,Thursday,4,52,False
2022-12-30,2022,12,30,Friday,4,52,False
2022-12-31,2022,12,31,Saturday,4,52,True
2023-01-01,2023,1,1,Sunday,1,52,True
2023-01-02,2023,1,2,Monday,1,1,False
2023-01-03,2023,1,3,Tuesday,1,1,False
2023-01-04,2023,1,4,Wednesday,1,1,False
2023-01-05,2023,1,5,Thursday,1,1,False
2023-01-06,2023,1,6,Friday,1,1,False
2023-01-07,2023,1,7,Saturday,1,1,True
2023-01-08,2023,1,8,Sunday,1,1,True
2023-01-09,2023,1,9,Monday,1,2,False
2023-01-10,2023,1,10,Tuesday,1,2,False
2023-01-11,2023,1,11,Wednesday,1,2,False
2023-01-12,2023,1,12,Thursday,1,2,False
2023-01-13,2023,1,13,Friday,1,2,False
2023-01-14,2023,1,14,Saturday,1,2,True
2023-01-15,2023,1,15,Sunday,1,2,True
2023-01-16,2023,1,16,Monday,1,3,False
2023-01-17,2023,1,17,Tuesday,1,3,False
2023-01-18,2023,1,18,Wednesday,1,3,False
2023-01-19,2023,1,19,Thursday,1,3,False
2023-01-20,2023,1,20,Friday,1,3,False
2023-01-21,2023,1,21,Saturday,1,3,True
2023-01-22,2023,1,22,Sunday,1,3,True
2023-01-23,2023,1,23,Monday,1,4,False
2023-01-24,2023,1,24,Tuesday,1,4,False
2023-01-25,2023,1,25,Wednesday,1,4,False
2023-01-26,2023,1,26,Thursday,1,4,False
2023-01-27,2023,1,27,Friday,1,4,False
2023-01-28,2023,1,28,Saturday,1,4,True
2023-01-29,2023,1,29,Sunday,1,4,True
2023-01-30,2023,1,30,Monday,1,5,False
2023-01-31,2023,1,31,Tuesday,1,5,False
2023-02-01,2023,2,1,Wednesday,1,5,False
2023-02-02,2023,2,2,Thursday,1,5,False
2023-02-03,2023,2,3,Friday,1,5,False
2023-02-04,2023,2,4,Saturday,1,5,True
2023-02-05,2023,2,5,Sunday,1,5,True
2023-02-06,2023,2,6,Monday,1,6,False
2023-02-07,2023,2,7,Tuesday,1,6,False
2023-02-08,2023,2,8,Wednesday,1,6,False
2023-02-09,2023,2,9,Thursday,1,6,False
2023-02-10,2023,2,10,Friday,1,6,False
2023-02-11,2023,2,11,Saturday,1,6,True
2023-02-12,2023,2,12,Sunday,1,6,True
2023-02-13,2023,2,13,Monday,1,7,False
2023-02-14,2023,2,14,Tuesday,1,7,False
2023-02-15,2023,2,15,Wednesday,1,7,False
2023-02-16,2023,2,16,Thursday,1,7,False
2023-02-17,2023,2,17,Friday,1,7,False
2023-02-18,2023,2,18,Saturday,1,7,True
2023-02-19,2023,2,19,Sunday,1,7,True
2023-02-20,2023,2,20,Monday,1,8,False
2023-02-21,2023,2,21,Tuesday,1,8,False
2023-02-22,2023,2,22,Wednesday,1,8,False
2023-02-23,2023,2,23,Thursday,1,8,False
2023-02-24,2023,2,24,Friday,1,8,False
2023-02-25,2023,2,25,Saturday,1,8,True
2023-02-26,2023,2,26,Sunday,1,8,True
2023-02-27,2023,2,27,Monday,1,9,False
2023-02-28,2023,2,28,Tuesday,1,9,False
2023-03-01,2023,3,1,Wednesday,1,9,False
2023-03-02,2023,3,2,Thursday,1,9,False
2023-03-03,2023,3,3,Friday,1,9,False
2023-03-04,2023,3,4,Saturday,1,9,True
2023-03-05,2023,3,5,Sunday,1,9,True
2023-03-06,2023,3,6,Monday,1,10,False
2023-03-07,2023,3,7,Tuesday,1,10,False
2023-03-08,2023,3,8,Wednesday,1,10,False
2023-03-09,2023,3,9,Thursday,1,10,False
2023-03-10,2023,3,10,Friday,1,10,False
2023-03-11,2023,3,11,Saturday,1,10,True
2023-03-12,2023,3,12,Sunday,1,10,True
2023-03-13,2023,3,13,Monday,1,11,False
2023-03-14,2023,3,14,Tuesday,1,11,False
2023-03-15,2023,3,15,Wednesday,1,11,False
2023-03-16,2023,3,16,Thursday,1,11,False
2023-03-17,2023,3,17,Friday,1,11,False
2023-03-18,2023,3,18,Saturday,1,11,True
2023-03-19,2023,3,19,Sunday,1,11,True
2023-03-20,2023,3,20,Monday,1,12,False
2023-03-21,2023,3,21,Tuesday,1,12,False
2023-03-22,2023,3,22,Wednesday,1,12,False
2023-03-23,2023,3,23,Thursday,1,12,False
2023-03-24,2023,3,24,Friday,1,12,False
2023-03-25,2023,3,25,Saturday,1,12,True
2023-03-26,2023,3,26,Sunday,1,12,True
2023-03-27,2023,3,27,Monday,1,13,False
2023-03-28,2023,3,28,Tuesday,1,13,False
2023-03-29,2023,3,29,Wednesday,1,13,False
2023-03-30,2023,3,30,Thursday,1,13,False
2023-03-31,2023,3,31,Friday,1,13,False
2023-04-01,2023,4,1,Saturday,2,13,True
2023-04-02,2023,4,2,Sunday,2,13,True
2023-04-03,2023,4,3,Monday,2,14,False
2023-04-04,2023,4,4,Tuesday,2,14,False
2023-04-05,2023,4,5,Wednesday,2,14,False
2023-04-06,2023,4,6,Thursday,2,14,False
2023-04-07,2023,4,7,Friday,2,14,False
2023-04-08,2023,4,8,Saturday,2,14,True
2023-04-09,2023,4,9,Sunday,2,14,True
2023-04-10,2023,4,10,Monday,2,15,False
2023-04-11,2023,4,11,Tuesday,2,15,False
2023-04-12,2023,4,12,Wednesday,2,15,False
2023-04-13,2023,4,13,Thursday,2,15,False
2023-04-14,2023,4,14,Friday,2,15,False
2023-04-15,2023,4,15,Saturday,2,15,True
2023-04-16,2023,4,16,Sunday,2,15,True
2023-04-17,2023,4,17,Monday,2,16,False
2023-04-18,2023,4,18,Tuesday,2,16,False
2023-04-19,2023,4,19,Wednesday,2,16,False
2023-04-20,2023,4,20,Thursday,2,16,False
2023-04-21,2023,4,21,Friday,2,16,False
2023-04-22,2023,4,22,Saturday,2,16,True
2023-04-23,2023,4,23,Sunday,2,16,True
2023-04-24,2023,4,24,Monday,2,17,False
2023-04-25,2023,4,25,Tuesday,2,17,False
2023-04-26,2023,4,26,Wednesday,2,17,False
2023-04-27,2023,4,27,Thursday,2,17,False
2023-04-28,2023,4,28,Friday,2,17,False
2023-04-29,2023,4,29,Saturday,2,17,True
2023-04-30,2023,4,30,Sunday,2,17,True
2023-05-01,2023,5,1,Monday,2,18,False
2023-05-02,2023,5,2,Tuesday,2,18,False
2023-05-03,2023,5,3,Wednesday,2,18,False
2023-05-04,2023,5,4,Thursday,2,18,False
2023-05-05,2023,5,5,Friday,2,18,False
2023-05-06,2023,5,6,Saturday,2,18,True
2023-05-07,2023,5,7,Sunday,2,18,True
2023-05-08,2023,5,8,Monday,2,19,False
2023-05-09,2023,5,9,Tuesday,2,19,False
2023-05-10,2023,5,10,Wednesday,2,19,False
2023-05-11,2023,5,11,Thursday,2,19,False
2023-05-12,2023,5,12,Friday,2,19,False
2023-05-13,2023,5,13,Saturday,2,19,True
2023-05-14,2023,5,14,Sunday,2,19,True
2023-05-15,2023,5,15,Monday,2,20,False
2023-05-16,2023,5,16,Tuesday,2,20,False
2023-05-17,2023,5,17,Wednesday,2,20,False
2023-05-18,2023,5,18,Thursday,2,20,False
2023-05-19,2023,5,19,Friday,2,20,False
2023-05-20,2023,5,20,Saturday,2,20,True
2023-05-21,2023,5,21,Sunday,2,20,True
2023-05-22,2023,5,22,Monday,2,21,False
2023-05-23,2023,5,23,Tuesday,2,21,False
2023-05-24,2023,5,24,Wednesday,2,21,False
2023-05-25,2023,5,25,Thursday,2,21,False
2023-05-26,2023,5,26,Friday,2,21,False
2023-05-27,2023,5,27,Saturday,2,21,True
2023-05-28,2023,5,28,Sunday,2,21,True
2023-05-29,2023,5,29,Monday,2,22,False
2023-05-30,2023,5,30,Tuesday,2,22,False
2023-05-31,2023,5,31,Wednesday,2,22,False
2023-06-01,2023,6,1,Thursday,2,22,False
2023-06-02,2023,6,2,Friday,2,22,False
2023-06-03,2023,6,3,Saturday,2,22,True
2023-06-04,2023,6,4,Sunday,2,22,True
2023-06-05,2023,6,5,Monday,2,23,False
2023-06-06,2023,6,6,Tuesday,2,23,False
2023-06-07,2023,6,7,Wednesday,2,23,False
2023-06-08,2023,6,8,Thursday,2,23,False
2023-06-09,2023,6,9,Friday,2,23,False
2023-06-10,2023,6,10,Saturday,2,23,True
2023-06-11,2023,6,11,Sunday,2,23,True
2023-06-12,2023,6,12,Monday,2,24,False
2023-06-13,2023,6,13,Tuesday,2,24,False
2023-06-14,2023,6,14,Wednesday,2,24,False
2023-06-15,2023,6,15,Thursday,2,24,False
2023-06-16,2023,6,16,Friday,2,24,False
2023-06-17,2023,6,17,Saturday,2,24,True
2023-06-18,2023,6,18,Sunday,2,24,True
2023-06-19,2023,6,19,Monday,2,25,False
2023-06-20,2023,6,20,Tuesday,2,25,False
2023-06-21,2023,6,21,Wednesday,2,25,False
2023-06-22,2023,6,22,Thursday,2,25,False
2023-06-23,2023,6,23,Friday,2,25,False
2023-06-24,2023,6,24,Saturday,2,25,True
2023-06-25,2023,6,25,Sunday,2,25,True
2023-06-26,2023,6,26,Monday,2,26,False
2023-06-27,2023,6,27,Tuesday,2,26,False
2023-06-28,2023,6,28,Wednesday,2,26,False
2023-06-29,2023,6,29,Thursday,2,26,False
2023-06-30,2023,6,30,Friday,2,26,False
2023-07-01,2023,7,1,Saturday,3,26,True
2023-07-02,2023,7,2,Sunday,3,26,True
2023-07-03,2023,7,3,Monday,3,27,False
2023-07-04,2023,7,4,Tuesday,3,27,False
2023-07-05,2023,7,5,Wednesday,3,27,False
2023-07-06,2023,7,6,Thursday,3,27,False
2023-07-07,2023,7,7,Friday,3,27,False
2023-07-08,2023,7,8,Saturday,3,27,True
2023-07-09,2023,7,9,Sunday,3,27,True
2023-07-10,2023,7,10,Monday,3,28,False
2023-07-11,2023,7,11,Tuesday,3,28,False
2023-07-12,2023,7,12,Wednesday,3,28,False
2023-07-13,2023,7,13,Thursday,3,28,False
2023-07-14,2023,7,14,Friday,3,28,False
2023-07-15,2023,7,15,Saturday,3,28,True
2023-07-16,2023,7,16,Sunday,3,28,True
2023-07-17,2023,7,17,Monday,3,29,False
2023-07-18,2023,7,18,Tuesday,3,29,False
2023-07-19,2023,7,19,Wednesday,3,29,False
2023-07-20,2023,7,20,Thursday,3,29,False
2023-07-21,2023,7,21,Friday,3,29,False
2023-07-22,2023,7,22,Saturday,3,29,True
2023-07-23,2023,7,23,Sunday,3,29,True
2023-07-24,2023,7,24,Monday,3,30,False
2023-07-25,2023,7,25,Tuesday,3,30,False
2023-07-26,2023,7,26,Wednesday,3,30,False
2023-07-27,2023,7,27,Thursday,3,30,False
2023-07-28,2023,7,28,Friday,3,30,False
2023-07-29,2023,7,29,Saturday,3,30,True
2023-07-30,2023,7,30,Sunday,3,30,True
2023-07-31,2023,7,31,Monday,3,31,False
2023-08-01,2023,8,1,Tuesday,3,31,False
2023-08-02,2023,8,2,Wednesday,3,31,False
2023-08-03,2023,8,3,Thursday,3,31,False
2023-08-04,2023,8,4,Friday,3,31,False
2023-08-05,2023,8,5,Saturday,3,31,True
2023-08-06,2023,8,6,Sunday,3,31,True
2023-08-07,2023,8,7,Monday,3,32,False
2023-08-08,2023,8,8,Tuesday,3,32,False
2023-08-09,2023,8,9,Wednesday,3,32,False
2023-08-10,2023,8,10,Thursday,3,32,False
2023-08-11,2023,8,11,Friday,3,32,False
2023-08-12,2023,8,12,Saturday,3,32,True
2023-08-13,2023,8,13,Sunday,3,32,True
2023-08-14,2023,8,14,Monday,3,33,False
2023-08-15,2023,8,15,Tuesday,3,33,False
2023-08-16,2023,8,16,Wednesday,3,33,False
2023-08-17,2023,8,17,Thursday,3,33,False
2023-08-18,2023,8,18,Friday,3,33,False
2023-08-19,2023,8,19,Saturday,3,33,True
2023-08-20,2023,8,20,Sunday,3,33,True
2023-08-21,2023,8,21,Monday,3,34,False
2023-08-22,2023,8,22,Tuesday,3,34,False
2023-08-23,2023,8,23,Wednesday,3,34,False
2023-08-24,2023,8,24,Thursday,3,34,False
2023-08-25,2023,8,25,Friday,3,34,False
2023-08-26,2023,8,26,Saturday,3,34,True
2023-08-27,2023,8,27,Sunday,3,34,True
2023-08-28,2023,8,28,Monday,3,35,False
2023-08-29,2023,8,29,Tuesday,3,35,False
2023-08-30,2023,8,30,Wednesday,3,35,False
2023-08-31,2023,8,31,Thursday,3,35,False
2023-09-01,2023,9,1,Friday,3,35,False
2023-09-02,2023,9,2,Saturday,3,35,True
2023-09-03,2023,9,3,Sunday,3,35,True
2023-09-04,2023,9,4,Monday,3,36,False
2023-09-05,2023,9,5,Tuesday,3,36,False
2023-09-06,2023,9,6,Wednesday,3,36,False
2023-09-07,2023,9,7,Thursday,3,36,False
2023-09-08,2023,9,8,Friday,3,36,False
2023-09-09,2023,9,9,Saturday,3,36,True
2023-09-10,2023,9,10,Sunday,3,36,True
2023-09-11,2023,9,11,Monday,3,37,False
2023-09-12,2023,9,12,Tuesday,3,37,False
2023-09-13,2023,9,13,Wednesday,3,37,False
2023-09-14,2023,9,14,Thursday,3,37,False
2023-09-15,2023,9,15,Friday,3,37,False
2023-09-16,2023,9,16,Saturday,3,37,True
2023-09-17,2023,9,17,Sunday,3,37,True
2023-09-18,2023,9,18,Monday,3,38,False
2023-09-19,2023,9,19,Tuesday,3,38,False
2023-09-20,2023,9,20,Wednesday,3,38,False
2023-09-21,2023,9,21,Thursday,3,38,False
2023-09-22,2023,9,22,Friday,3,38,False
2023-09-23,2023,9,23,Saturday,3,38,True
2023-09-24,2023,9,24,Sunday,3,38,True
2023-09-25,2023,9,25,Monday,3,39,False
2023-09-26,2023,9,26,Tuesday,3,39,False
2023-09-27,2023,9,27,Wednesday,3,39,False
2023-09-28,2023,9,28,Thursday,3,39,False
2023-09-29,2023,9,29,Friday,3,39,False
2023-09-30,2023,9,30,Saturday,3,39,True
2023-10-01,2023,10,1,Sunday,4,39,True
2023-10-02,2023,10,2,Monday,4,40,False
2023-10-03,2023,10,3,Tuesday,4,40,False
2023-10-04,2023,10,4,Wednesday,4,40,False
2023-10-05,2023,10,5,Thursday,4,40,False
2023-10-06,2023,10,6,Friday,4,40,False
2023-10-07,2023,10,7,Saturday,4,40,True
2023-10-08,2023,10,8,Sunday,4,40,True
2023-10-09,2023,10,9,Monday,4,41,False
2023-10-10,2023,10,10,Tuesday,4,41,False
2023-10-11,2023,10,11,Wednesday,4,41,False
2023-10-12,2023,10,12,Thursday,4,41,False
2023-10-13,2023,10,13,Friday,4,41,False
2023-10-14,2023,10,14,Saturday,4,41,True
2023-10-15,2023,10,15,Sunday,4,41,True
2023-10-16,2023,10,16,Monday,4,42,False
2023-10-17,2023,10,17,Tuesday,4,42,False
2023-10-18,2023,10,18,Wednesday,4,42,False
2023-10-19,2023,10,19,Thursday,4,42,False
2023-10-20,2023,10,20,Friday,4,42,False
2023-10-21,2023,10,21,Saturday,4,42,True
2023-10-22,2023,10,22,Sunday,4,42,True
2023-10-23,2023,10,23,Monday,4,43,False
2023-10-24,2023,10,24,Tuesday,4,43,False
2023-10-25,2023,10,25,Wednesday,4,43,False
2023-10-26,2023,10,26,Thursday,4,43,False
2023-10-27,2023,10,27,Friday,4,43,False
2023-10-28,2023,10,28,Saturday,4,43,True
2023-10-29,2023,10,29,Sunday,4,43,True
2023-10-30,2023,10,30,Monday,4,44,False
2023-10-31,2023,10,31,Tuesday,4,44,False
2023-11-01,2023,11,1,Wednesday,4,44,False
2023-11-02,2023,11,2,Thursday,4,44,False
2023-11-03,2023,11,3,Friday,4,44,False
2023-11-04,2023,11,4,Saturday,4,44,True
2023-11-05,2023,11,5,Sunday,4,44,True
2023-11-06,2023,11,6,Monday,4,45,False
2023-11-07,2023,11,7,Tuesday,4,45,False
2023-11-08,2023,11,8,Wednesday,4,45,False
2023-11-09,2023,11,9,Thursday,4,45,False
2023-11-10,2023,11,10,Friday,4,45,False
2023-11-11,2023,11,11,Saturday,4,45,True
2023-11-12,2023,11,12,Sunday,4,45,True
2023-11-13,2023,11,13,Monday,4,46,False
2023-11-14,2023,11,14,Tuesday,4,46,False
2023-11-15,2023,11,15,Wednesday,4,46,False
2023-11-16,2023,11,16,Thursday,4,46,False
2023-11-17,2023,11,17,Friday,4,46,False
2023-11-18,2023,11,18,Saturday,4,46,True
2023-11-19,2023,11,19,Sunday,4,46,True
2023-11-20,2023,11,20,Monday,4,47,False
2023-11-21,2023,11,21,Tuesday,4,47,False
2023-11-22,2023,11,22,Wednesday,4,47,False
2023-11-23,2023,11,23,Thursday,4,47,False
2023-11-24,2023,11,24,Friday,4,47,False
2023-11-25,2023,11,25,Saturday,4,47,True
2023-11-26,2023,11,26,Sunday,4,47,True
2023-11-27,2023,11,27,Monday,4,48,False
2023-11-28,2023,11,28,Tuesday,4,48,False
2023-11-29,2023,11,29,Wednesday,4,48,False
2023-11-30,2023,11,30,Thursday,4,48,False
2023-12-01,2023,12,1,Friday,4,48,False
2023-12-02,2023,12,2,Saturday,4,48,True
2023-12-03,2023,12,3,Sunday,4,48,True
2023-12-04,2023,12,4,Monday,4,49,False
2023-12-05,2023,12,5,Tuesday,4,49,False
2023-12-06,2023,12,6,Wednesday,4,49,False
2023-12-07,2023,12,7,Thursday,4,49,False
2023-12-08,2023,12,8,Friday,4,49,False
2023-12-09,2023,12,9,Saturday,4,49,True
2023-12-10,2023,12,10,Sunday,4,49,True
2023-12-11,2023,12,11,Monday,4,50,False
2023-12-12,2023,12,12,Tuesday,4,50,False
2023-12-13,2023,12,13,Wednesday,4,50,False
2023-12-14,2023,12,14,Thursday,4,50,False
2023-12-15,2023,12,15,Friday,4,50,False
2023-12-16,2023,12,16,Saturday,4,50,True
2023-12-17,2023,12,17,Sunday,4,50,True
2023-12-18,2023,12,18,Monday,4,51,False
2023-12-19,2023,12,19,Tuesday,4,51,False
2023-12-20,2023,12,20,Wednesday,4,51,False
2023-12-21,2023,12,21,Thursday,4,51,False
2023-12-22,2023,12,22,Friday,4,51,False
2023-12-23,2023,12,23,Saturday,4,51,True
2023-12-24,2023,12,24,Sunday,4,51,True
2023-12-25,2023,12,25,Monday,4,52,False
2023-12-26,2023,12,26,Tuesday,4,52,False
2023-12-27,2023,12,27,Wednesday,4,52,False
2023-12-28,2023,12,28,Thursday,4,52,False
2023-12-29,2023,12,29,Friday,4,52,False
2023-12-30,2023,12,30,Saturday,4,52,True
2023-12-31,2023,12,31,Sunday,4,52,True
2024-01-01,2024,1,1,Monday,1,1,False
2024-01-02,2024,1,2,Tuesday,1,1,False
2024-01-03,2024,1,3,Wednesday,1,1,False
2024-01-04,2024,1,4,Thursday,1,1,False
2024-01-05,2024,1,5,Friday,1,1,False
2024-01-06,2024,1,6,Saturday,1,1,True
2024-01-07,2024,1,7,Sunday,1,1,True
2024-01-08,2024,1,8,Monday,1,2,False
2024-01-09,2024,1,9,Tuesday,1,2,False
2024-01-10,2024,1,10,Wednesday,1,2,False
2024-01-11,2024,1,11,Thursday,1,2,False
2024-01-12,2024,1,12,Friday,1,2,False
2024-01-13,2024,1,13,Saturday,1,2,True
2024-01-14,2024,1,14,Sunday,1,2,True
2024-01-15,2024,1,15,Monday,1,3,False
2024-01-16,2024,1,16,Tuesday,1,3,False
2024-01-17,2024,1,17,Wednesday,1,3,False
2024-01-18,2024,1,18,Thursday,1,3,False
2024-01-19,2024,1,19,Friday,1,3,False
2024-01-20,2024,1,20,Saturday,1,3,True
2024-01-21,2024,1,21,Sunday,1,3,True
2024-01-22,2024,1,22,Monday,1,4,False
2024-01-23,2024,1,23,Tuesday,1,4,False
2024-01-24,2024,1,24,Wednesday,1,4,False
2024-01-25,2024,1,25,Thursday,1,4,False
2024-01-26,2024,1,26,Friday,1,4,False
2024-01-27,2024,1,27,Saturday,1,4,True
2024-01-28,2024,1,28,Sunday,1,4,True
2024-01-29,2024,1,29,Monday,1,5,False
2024-01-30,2024,1,30,Tuesday,1,5,False
2024-01-31,2024,1,31,Wednesday,1,5,False
2024-02-01,2024,2,1,Thursday,1,5,False
2024-02-02,2024,2,2,Friday,1,5,False
2024-02-03,2024,2,3,Saturday,1,5,True
2024-02-04,2024,2,4,Sunday,1,5,True
2024-02-05,2024,2,5,Monday,1,6,False
2024-02-06,2024,2,6,Tuesday,1,6,False
2024-02-07,2024,2,7,Wednesday,1,6,False
2024-02-08,2024,2,8,Thursday,1,6,False
2024-02-09,2024,2,9,Friday,1,6,False
2024-02-10,2024,2,10,Saturday,1,6,True
2024-02-11,2024,2,11,Sunday,1,6,True
2024-02-12,2024,2,12,Monday,1,7,False
2024-02-13,2024,2,13,Tuesday,1,7,False
2024-02-14,2024,2,14,Wednesday,1,7,False
2024-02-15,2024,2,15,Thursday,1,7,False
2024-02-16,2024,2,16,Friday,1,7,False
2024-02-17,2024,2,17,Saturday,1,7,True
2024-02-18,2024,2,18,Sunday,1,7,True
2024-02-19,2024,2,19,Monday,1,8,False
2024-02-20,2024,2,20,Tuesday,1,8,False
2024-02-21,2024,2,21,Wednesday,1,8,False
2024-02-22,2024,2,22,Thursday,1,8,False
2024-02-23,2024,2,23,Friday,1,8,False
2024-02-24,2024,2,24,Saturday,1,8,True
2024-02-25,2024,2,25,Sunday,1,8,True
2024-02-26,2024,2,26,Monday,1,9,False
2024-02-27,2024,2,27,Tuesday,1,9,False
2024-02-28,2024,2,28,Wednesday,1,9,False
2024-02-29,2024,2,29,Thursday,1,9,False
2024-03-01,2024,3,1,Friday,1,9,False
2024-03-02,2024,3,2,Saturday,1,9,True
2024-03-03,2024,3,3,Sunday,1,9,True
2024-03-04,2024,3,4,Monday,1,10,False
2024-03-05,2024,3,5,Tuesday,1,10,False
2024-03-06,2024,3,6,Wednesday,1,10,False
2024-03-07,2024,3,7,Thursday,1,10,False
2024-03-08,2024,3,8,Friday,1,10,False
2024-03-09,2024,3,9,Saturday,1,10,True
2024-03-10,2024,3,10,Sunday,1,10,True
2024-03-11,2024,3,11,Monday,1,11,False
2024-03-12,2024,3,12,Tuesday,1,11,False
2024-03-13,2024,3,13,Wednesday,1,11,False
2024-03-14,2024,3,14,Thursday,1,11,False
2024-03-15,2024,3,15,Friday,1,11,False
2024-03-16,2024,3,16,Saturday,1,11,True
2024-03-17,2024,3,17,Sunday,1,11,True
2024-03-18,2024,3,18,Monday,1,12,False
2024-03-19,2024,3,19,Tuesday,1,12,False
2024-03-20,2024,3,20,Wednesday,1,12,False
2024-03-21,2024,3,21,Thursday,1,12,False
2024-03-22,2024,3,22,Friday,1,12,False
2024-03-23,2024,3,23,Saturday,1,12,True
2024-03-24,2024,3,24,Sunday,1,12,True
2024-03-25,2024,3,25,Monday,1,13,False
2024-03-26,2024,3,26,Tuesday,1,13,False
2024-03-27,2024,3,27,Wednesday,1,13,False
2024-03-28,2024,3,28,Thursday,1,13,False
2024-03-29,2024,3,29,Friday,1,13,False
2024-03-30,2024,3,30,Saturday,1,13,True
2024-03-31,2024,3,31,Sunday,1,13,True
2024-04-01,2024,4,1,Monday,2,14,False
2024-04-02,2024,4,2,Tuesday,2,14,False
2024-04-03,2024,4,3,Wednesday,2,14,False
2024-04-04,2024,4,4,Thursday,2,14,False
2024-04-05,2024,4,5,Friday,2,14,False
2024-04-06,2024,4,6,Saturday,2,14,True
2024-04-07,2024,4,7,Sunday,2,14,True
2024-04-08,2024,4,8,Monday,2,15,False
2024-04-09,2024,4,9,Tuesday,2,15,False
2024-04-10,2024,4,10,Wednesday,2,15,False
2024-04-11,2024,4,11,Thursday,2,15,False
2024-04-12,2024,4,12,Friday,2,15,False
2024-04-13,2024,4,13,Saturday,2,15,True
2024-04-14,2024,4,14,Sunday,2,15,True
2024-04-15,2024,4,15,Monday,2,16,False
2024-04-16,2024,4,16,Tuesday,2,16,False
2024-04-17,2024,4,17,Wednesday,2,16,False
2024-04-18,2024,4,18,Thursday,2,16,False
2024-04-19,2024,4,19,Friday,2,16,False
2024-04-20,2024,4,20,Saturday,2,16,True
2024-04-21,2024,4,21,Sunday,2,16,True
2024-04-22,2024,4,22,Monday,2,17,False
2024-04-23,2024,4,23,Tuesday,2,17,False
2024-04-24,2024,4,24,Wednesday,2,17,False
2024-04-25,2024,4,25,Thursday,2,17,False
2024-04-26,2024,4,26,Friday,2,17,False
2024-04-27,2024,4,27,Saturday,2,17,True
2024-04-28,2024,4,28,Sunday,2,17,True
2024-04-29,2024,4,29,Monday,2,18,False
2024-04-30,2024,4,30,Tuesday,2,18,False
2024-05-01,2024,5,1,Wednesday,2,18,False
2024-05-02,2024,5,2,Thursday,2,18,False
2024-05-03,2024,5,3,Friday,2,18,False
2024-05-04,2024,5,4,Saturday,2,18,True
2024-05-05,2024,5,5,Sunday,2,18,True
2024-05-06,2024,5,6,Monday,2,19,False
2024-05-07,2024,5,7,Tuesday,2,19,False
2024-05-08,2024,5,8,Wednesday,2,19,False
2024-05-09,2024,5,9,Thursday,2,19,False
2024-05-10,2024,5,10,Friday,2,19,False
2024-05-11,2024,5,11,Saturday,2,19,True
2024-05-12,2024,5,12,Sunday,2,19,True
2024-05-13,2024,5,13,Monday,2,20,False
2024-05-14,2024,5,14,Tuesday,2,20,False
2024-05-15,2024,5,15,Wednesday,2,20,False
2024-05-16,2024,5,16,Thursday,2,20,False
2024-05-17,2024,5,17,Friday,2,20,False
2024-05-18,2024,5,18,Saturday,2,20,True
2024-05-19,2024,5,19,Sunday,2,20,True
2024-05-20,2024,5,20,Monday,2,21,False
2024-05-21,2024,5,21,Tuesday,2,21,False
2024-05-22,2024,5,22,Wednesday,2,21,False
2024-05-23,2024,5,23,Thursday,2,21,False
2024-05-24,2024,5,24,Friday,2,21,False
2024-05-25,2024,5,25,Saturday,2,21,True
2024-05-26,2024,5,26,Sunday,2,21,True
2024-05-27,2024,5,27,Monday,2,22,False
2024-05-28,2024,5,28,Tuesday,2,22,False
2024-05-29,2024,5,29,Wednesday,2,22,False
2024-05-30,2024,5,30,Thursday,2,22,False
2024-05-31,2024,5,31,Friday,2,22,False
2024-06-01,2024,6,1,Saturday,2,22,True
2024-06-02,2024,6,2,Sunday,2,22,True
2024-06-03,2024,6,3,Monday,2,23,False
2024-06-04,2024,6,4,Tuesday,2,23,False
2024-06-05,2024,6,5,Wednesday,2,23,False
2024-06-06,2024,6,6,Thursday,2,23,False
2024-06-07,2024,6,7,Friday,2,23,False
2024-06-08,2024,6,8,Saturday,2,23,True
2024-06-09,2024,6,9,Sunday,2,23,True
2024-06-10,2024,6,10,Monday,2,24,False
2024-06-11,2024,6,11,Tuesday,2,24,False
2024-06-12,2024,6,12,Wednesday,2,24,False
2024-06-13,2024,6,13,Thursday,2,24,False
2024-06-14,2024,6,14,Friday,2,24,False
2024-06-15,2024,6,15,Saturday,2,24,True
2024-06-16,2024,6,16,Sunday,2,24,True
2024-06-17,2024,6,17,Monday,2,25,False
2024-06-18,2024,6,18,Tuesday,2,25,False
2024-06-19,2024,6,19,Wednesday,2,25,False
2024-06-20,2024,6,20,Thursday,2,25,False
2024-06-21,2024,6,21,Friday,2,25,False
2024-06-22,2024,6,22,Saturday,2,25,True
2024-06-23,2024,6,23,Sunday,2,25,True
2024-06-24,2024,6,24,Monday,2,26,False
2024-06-25,2024,6,25,Tuesday,2,26,False
2024-06-26,2024,6,26,Wednesday,2,26,False
2024-06-27,2024,6,27,Thursday,2,26,False
2024-06-28,2024,6,28,Friday,2,26,False
2024-06-29,2024,6,29,Saturday,2,26,True
2024-06-30,2024,6,30,Sunday,2,26,True
2024-07-01,2024,7,1,Monday,3,27,False
2024-07-02,2024,7,2,Tuesday,3,27,False
2024-07-03,2024,7,3,Wednesday,3,27,False
2024-07-04,2024,7,4,Thursday,3,27,False
2024-07-05,2024,7,5,Friday,3,27,False
2024-07-06,2024,7,6,Saturday,3,27,True
2024-07-07,2024,7,7,Sunday,3,27,True
2024-07-08,2024,7,8,Monday,3,28,False
2024-07-09,2024,7,9,Tuesday,3,28,False
2024-07-10,2024,7,10,Wednesday,3,28,False
2024-07-11,2024,7,11,Thursday,3,28,False
2024-07-12,2024,7,12,Friday,3,28,False
2024-07-13,2024,7,13,Saturday,3,28,True
2024-07-14,2024,7,14,Sunday,3,28,True
2024-07-15,2024,7,15,Monday,3,29,False
2024-07-16,2024,7,16,Tuesday,3,29,False
2024-07-17,2024,7,17,Wednesday,3,29,False
2024-07-18,2024,7,18,Thursday,3,29,False
